1,2,3,4,5,6,7,8,9,10,11,12,13,14,15,16,17,18,19,20,21,22,23,24,25,26,27,28,29,30,31,32,33,34,35,36,37,38,39,40,41,42,43,44,45
lava exploded,Gemstone,planet,A distant photograph of Israel,Mountain on a beach,seashell,Dead Sea in color,Sea and shoreline,Waves,Water,Storm of winds,Splitting the red sea,Trapped bubbles,Abstract beauty,window,Contrasts,Cellular structures,Animals,Rain,Oil,Looks like a map,people,Flower Field,nature,desert,Ash in the wind,Water seeps,Climate change,very old,Dry soil that decomposes,Icey shore,horizon at the beach,Glass of water,A speedboat at sea,Something is torn,Feather,slightly dark,arrow,trail of missile,Glacier reflected,nuclear blast,forest,icecream,Layers,Rainbow
warmth,Colorful gem,Galaxy,Satellite photography,Mountain ranges,oyster,Sea of ​​colors,island,sea,river,storm,Tearing of the Red Sea,bubbles,Beautiful ,heavy rain on windshield,lava vs water,Blood,Horses,First rain,dirty river,Temperature map,Different face one person,Flowering fields,nature pictures,Desert by night,smoke,Soil and floods,ice melting,makes me feel old,Dry skin,Snow,Separation between heaven and earth,Glass,boat sailing in the sea,rifted,bird feather,light caresses out of the darkness,Arrow tail,boat trail,Very nice reflection,blast,woody nature,psychotic milkshake,Layers of something,Part of the rainbow
Magma,energetic rock,Supernova,travel around the world,Psychedelic everest,Algae at sea,A colorful ocean,Beach,ocean,Flow,A storm in space,Something that crosses the sea,Bubbles in the ocean,A childish unicorn makes butterflies happy,wet window,Water and fire,Body tissues,Dragon,raining day,Dirty oil,Trails are orderly but different,Models,Color and blossom,Black and white landscape,stony desert,burned forest,Under surface,Global warming cold,Ancient,dry,Glacier,Horizon,broken glass,A ship that sailed at sea,Light cut,Peacock feathers,the light at the end of the tunnel,Arrow flies fast,trail,snowy mountain reflection,eruption,wood,banana strawberry juice,earth levels,Rainbow forming
Lava,Halved gemstone,Outer space,Up,Snowy mountain,,Colorful sea,Sea and beach,Sea at sunset,hot springs,Storm on a star,A sea that opens in two,A bubble that is going to burst,Pretty,dew,Cold and hot,bacteria,shark,rainy day,dirt,A variety of focal points,Faces,tulip fields,Landscape Picture,oasis,,Ground,,old Pianting,breaking,Frozen in time,Shadows and horizon,,,A page of torn information,Zoom in on a feather,darkness,sharp,,Mount with reflection,,,sweet,Atmospheric levels,
Lava melting into sea,stone Agate,Intergalactic,earth,Mountain very beautiful,,lake of watercolors,Coastline,A flood spilling into the sea,Running water,Storm - Meteorology,crossing the sea,Sodas,Butterflies,Window in the rain,mixed shades,Biological puddle,Tentacles,,Chemicals,pages,Four women,Wisteria tree,Desert landscape portrait,dunes,,geology,,,Crackes,Ice at the North Pole,Something in the sky,,,,Pleasant feather,secret cave,edged,,mountain with reflection,,,Candy,,
Warm,Opal,atmosphere,Flow to unknown location,rocks,,Water in colors,Sea Shore,Waves in the sea,white water river,storm of colors,bisected,bubbly,Rug,rain drops,Union,mold,whale,,Polluted sea,Colored continents,A devil,cherries lavender ice,Landscape,egypt,,Histological slice,,,dryness,Antarctica,sunrise,,,,Light Like a feather,Into the dark,,,Reflect mountain in lake,,,Unfinished candy,,
voclano,stone,Universe,Photo from space,Cliff on the sea,,Ocean of colors,coast,Looks like a beautiful wave,fluid,Turbulence,,Babbling ocean,Ethnic dress,Car wash,Sea with fire,Under a microscope,Spirits and angels,,Dirty water,Map of weather,Society,rose petal,Tiberias,dessert,,earthy colors,,,Cracks in the earth,Alaska,Dawn,,,,Fly with a feather,dark cave with a lake,,,Reflection of the sea at night,,,,,
Heat,geode,calm space,Interesting satellite image,abyss,,Colored waves,foam of the waves washed ashore,A wave in the sea,Alarming water,winds,,Boiling water,Stained glass,colored water in car wash,Summer and winter,The human body from within,ursulla,,water and oil,Weather map,4 women standing on the train,roses,View,Colored sand,,colored soil,,,,Glaciers,Sky above water at sunset,,,,A close-up of a feather,night,,,A reflection of a waterfall,,,,,
volcano,Layers of stone,nebula,satellite images,mountain side,,colored water,Beach and sea,Wavy storm,Currents,wind,,soap with water,Graffiti wall,drops,Winter and murder,anatomy,dolphin,,Oil stain,map,Prince of the Church,,mainland,Sands,,,,,,A layer of white ice soil,sunset,,,,feather And also massiveness,Light in the darkness,,,,,,,,
volcanic eruption,stone,Colors from Outer Space,Lock screen photo,Slope of mountain,,Rivers in colors,Ocean beach at night,Drops in waves,stream,Stormy wind,,,Beauty,Drips on window glass,Contrasts intertwine,Ameba,monster,,,geothermal,Fishman,,italy,sun,,,,,,Freezing sea,Clouds over the earth,,,,Feathers,Wadi by moonlight,,,,,,,,
,stones,Smeared galaxy,sky from space,Mountain,,Waterfalls of color,beach through a clam,A wave crashes on a cliff,liquid,Stormy,,,Blues,tears,Mixing,Cell development,jellyfish,,,,god,,australia,,,,,,,cold,clouds,,,,Leaf,Sea depth,,,,,,,,
,Crystals,deep void,Veiw from space,A mountain of snow on a lake,,,Island in the sea,Tsunami and the victims,fluids mixture,Breeze,,,cherries,raindrops,Waterfall and lava,Cells,extraterrestrial,,,,witch,,iceland,,,,,,,Photo arctic ice shore,clouds from above,,,,windbird,The depth of the ocean,,,,,,,,
,,stars,Down to earth,cloud gliding over mountains,,,Lonely sunset on the beach,Sea storm,Life in flow,Trees in the storm,,,,,transition into light,Blood system,parrot's head,,,,musketeer,,africa,,,,,,,Snow by the sea,Clouds merge,,,,Wings,darkness,,,,,,,,
,,night sky,earth from above,Mountains and sky,,,islands,Rough seas,White river,Heavenly storm,,,,,Cold to hot,Compartmentalization,lion,,,,,,ukraine,,,,,,,Ice on water,Cloudy skies,,,,Feather,dark feeling,,,,,,,,
,,Lost in space,top view,mountains,,,seychelles,War in a stormy sea,Calm water,Windy Weather,,,,,The four elements,Internal parts of the body,bat,,,,,,,,,,,,,ice,feather shaped clouds,,,,Feathers,quiet,,,,,,,,
,,space,Aerial photograph of interest,Cliffs,,,islands  geothermal maps,Raised waves of calm,Water at a close look,solar winds,,,,,difference,life,sphinx,,,,,,,,,,,,,snow trails,Melting cloud,,,,Figures and feathers,night,,,,,,,,
,,colorful planet,earth,valley,,,blurry  islands,Wavy,flood,Storm viewed from a cliff,,,,,Various,Four different cells,phenix,,,,,,,,,,,,,ice breaks,sky,,,,,Dark,,,,,,,,
,,black hole,Earth and sea,canyon,,,kamchatka peninsula,waves of the ocean,Water with stones,Tornado,,,,,different prospectives,Heart surgery,,,,,,,,,,,,,,white,firmament,,,,,gray,,,,,,,,
,,meteorite  fireball,Down,,,,beaches,wave,Waterfall,,,,,,Elements,Body cells,,,,,,,,,,,,,,North Pole,Sunshine green blood sky,,,,,Silence,,,,,,,,
,,moon,globe,,,,,Rising waves descending,Waterfall splashed,,,,,,Mixed feelings,DNA,,,,,,,,,,,,,,Snowy forest at night,skyline,,,,,gloomy,,,,,,,,
,,,,,,,,wavy height,A desolate and peaceful lake,,,,,,Changes,Process,,,,,,,,,,,,,,northern lights,,,,,,Sad serenity,,,,,,,,
,,,geography,,,,,Stormy sea,Leaking pond,,,,,,Calm blue to angry red,corrosion under Microscope,,,,,,,,,,,,,,Winter,,,,,,Wasteland,,,,,,,,
,,,,,,,,a sea in black and white,spilled,,,,,,Attempt to merge,Epithelial cells,,,,,,,,,,,,,,North,,,,,,depth,,,,,,,,
,,,,,,,,less beautiful sea,underwater,,,,,,Diversity Separation,Roots,,,,,,,,,,,,,,Ice in the sea,,,,,,,,,,,,,,
,,,,,,,,A melancholy sea,,,,,,,separation,object under a microscope,,,,,,,,,,,,,,Colorful glacier,,,,,,,,,,,,,,
,,,,,,,,surfing,,,,,,,seperate,Parasite under a microscope,,,,,,,,,,,,,,avalanche,,,,,,,,,,,,,,
,,,,,,,,Big wave in the middle of nowhere,,,,,,,Connecting heaven and earth,veins,,,,,,,,,,,,,,,,,,,,,,,,,,,,
,,,,,,,,Breaking wave,,,,,,,unbalanced,cell,,,,,,,,,,,,,,,,,,,,,,,,,,,,
,,,,,,,,swimmimg,,,,,,,Integration,Development of a fungus,,,,,,,,,,,,,,,,,,,,,,,,,,,,
,,,,,,,,Looks like a sea after a surfer,,,,,,,Hot to cold,Bulb under a microscope,,,,,,,,,,,,,,,,,,,,,,,,,,,,
,,,,,,,,Tidal wave,,,,,,,Opposites,microscope,,,,,,,,,,,,,,,,,,,,,,,,,,,,
,,,,,,,,Surfing Wave,,,,,,,Sea and blood,tissue,,,,,,,,,,,,,,,,,,,,,,,,,,,,
,,,,,,,,waves at night,,,,,,,combination,Close up of a leaf,,,,,,,,,,,,,,,,,,,,,,,,,,,,
,,,,,,,,Waves in space,,,,,,,connection,Human cells,,,,,,,,,,,,,,,,,,,,,,,,,,,,
,,,,,,,,tide,,,,,,,,Close up,,,,,,,,,,,,,,,,,,,,,,,,,,,,
,,,,,,,,,,,,,,,,Like cells in the body,,,,,,,,,,,,,,,,,,,,,,,,,,,,
,,,,,,,,,,,,,,,,Uterus,,,,,,,,,,,,,,,,,,,,,,,,,,,,
,,,,,,,,,,,,,,,,formation,,,,,,,,,,,,,,,,,,,,,,,,,,,,
,,,,,,,,,,,,,,,,Creation,,,,,,,,,,,,,,,,,,,,,,,,,,,,
,,,,,,,,,,,,,,,,Biological experiment,,,,,,,,,,,,,,,,,,,,,,,,,,,,
,,,,,,,,,,,,,,,,adaptation,,,,,,,,,,,,,,,,,,,,,,,,,,,,
,,,,,,,,,,,,,,,,mitochondria,,,,,,,,,,,,,,,,,,,,,,,,,,,,
,,,,,,,,,,,,,,,,neuron,,,,,,,,,,,,,,,,,,,,,,,,,,,,
,,,,,,,,,,,,,,,,protected core,,,,,,,,,,,,,,,,,,,,,,,,,,,,
,,,,,,,,,,,,,,,,nerves,,,,,,,,,,,,,,,,,,,,,,,,,,,,
,,,,,,,,,,,,,,,,,,,,,,,,,,,,,,,,,,,,,,,,,,,,
,,,,,,,,,,,,,,,,,,,,,,,,,,,,,,,,,,,,,,,,,,,,
,,,,,,,,,,,,,,,,,,,,,,,,,,,,,,,,,,,,,,,,,,,,
,,,,,,,,,,,,,,,,,,,,,,,,,,,,,,,,,,,,,,,,,,,,
,,,,,,,,,,,,,,,,,,,,,,,,,,,,,,,,,,,,,,,,,,,,
,,,,,,,,,,,,,,,,,,,,,,,,,,,,,,,,,,,,,,,,,,,,
